,ROC-AUC factors,ROC-AUC factors + clinical,Method Average
No factorization,0.56,0.9344444444444444,0.7472222222222222
PCA,0.6277777777777778,0.9196296296296296,0.7737037037037037
UMAP,0.5629629629629629,0.9318518518518518,0.7474074074074073
MOFA,0.5525925925925925,0.9518518518518517,0.7522222222222221
MCCA,0.5259259259259259,0.9381481481481482,0.732037037037037
Base Autoencoder,0.4855555555555556,0.9185185185185185,0.702037037037037
Triple Autoencoder,0.5351851851851852,0.9255555555555556,0.7303703703703703
All Methods Average,0.5499999999999999,0.9314285714285714,-
