Method,Infiltrating Ductal Carcinoma f1-score,Infiltrating Lobular Carcinoma f1-score,Metaplastic Carcinoma f1-score,Mixed Histology (please specify) f1-score,Mucinous Carcinoma f1-score,"Other, specify f1-score",macro avg f1-score,weighted avg f1-score
No factorization,0.8288288288288289,0.6470588235294118,0.0,0.0,0.4,0.0,0.3126479420597068,0.6993310346251523
PCA,0.8317757009345795,0.7027027027027027,0.0,0.0,0.3333333333333333,0.0,0.31130195616176926,0.714250723596518
UMAP,0.7685185185185186,0.4657534246575343,0.0,0.0,0.0,0.0,0.20571199052934216,0.6030757674593291
MOFA,0.8240740740740741,0.5833333333333334,0.0,0.0,0.3333333333333333,0.0,0.29012345679012347,0.6776695526695526
MCCA,0.7830188679245284,0.5277777777777778,0.0,0.0,0.36363636363636365,0.0,0.27907216822311165,0.6380730237934354
Base Autoencoder,0.7757009345794393,0.5194805194805195,0.0,0.0,0.0,0.0,0.2158635756766598,0.6218570845345941
Triple Autoencoder,0.7706422018348624,0.4931506849315069,0.0,0.0,0.0,0.0,0.21063214779439488,0.6116936977814194
