Method,Infiltrating Ductal Carcinoma f1-score,Infiltrating Lobular Carcinoma f1-score,Metaplastic Carcinoma f1-score,Mixed Histology (please specify) f1-score,Mucinous Carcinoma f1-score,"Other, specify f1-score",macro avg f1-score,weighted avg f1-score
No factorization,0.8340807174887892,0.6567164179104478,0.0,0.0,0.4,0.0,0.3151328558998728,0.7051761169691695
PCA,0.8317757009345795,0.72,0.0,0.0,0.3333333333333333,0.0,0.3141848390446521,0.7188558482016426
UMAP,0.7641509433962264,0.4675324675324676,0.0,0.0,0.0,0.0,0.20528056848811568,0.6008267645121358
MOFA,0.822429906542056,0.5945945945945946,0.0,0.0,0.3333333333333333,0.0,0.2917263057449973,0.6796427450633057
MCCA,0.7924528301886793,0.5753424657534246,0.0,0.0,0.4,0.0,0.29463254932368393,0.6575617713896338
Base Autoencoder,0.7813953488372093,0.5333333333333332,0.0,0.0,0.0,0.0,0.21912144702842373,0.6290949360716802
Triple Autoencoder,0.7777777777777777,0.5333333333333332,0.0,0.0,0.0,0.0,0.21851851851851847,0.6268398268398268
