Method,Infiltrating Ductal Carcinoma f1-score,Infiltrating Lobular Carcinoma f1-score,Metaplastic Carcinoma f1-score,Mixed Histology (please specify) f1-score,Mucinous Carcinoma f1-score,"Other, specify f1-score",macro avg f1-score,weighted avg f1-score
No factorization,0.8401826484018264,0.7042253521126761,0.0,0.0,0.4,0.0,0.3240680000857504,0.7216284005402277
PCA,0.8317757009345795,0.7105263157894737,0.0,0.0,0.4,0.0,0.32371700278734217,0.7180652353057666
UMAP,0.7741935483870968,0.5205479452054794,0.0,0.0,0.4,0.0,0.2824569155987627,0.6315912103804281
MOFA,0.8317757009345795,0.6933333333333332,0.0,0.0,0.4,0.0,0.3208515057113188,0.7134878828336771
MCCA,0.794392523364486,0.5866666666666668,0.0,0.0,0.6666666666666666,0.0,0.34128764278296986,0.6687122223570822
Base Autoencoder,0.8055555555555555,0.64,0.0,0.0,0.0,0.0,0.2409259259259259,0.6725541125541125
Triple Autoencoder,0.7714285714285714,0.5925925925925926,0.0,0.0,0.0,0.0,0.22733686067019399,0.6386586958015529
