Method,Infiltrating Ductal Carcinoma f1-score,Infiltrating Lobular Carcinoma f1-score,Metaplastic Carcinoma f1-score,Mixed Histology (please specify) f1-score,Mucinous Carcinoma f1-score,"Other, specify f1-score",macro avg f1-score,weighted avg f1-score
No factorization,0.8401826484018264,0.7042253521126761,0.0,0.0,0.4,0.0,0.3240680000857504,0.7216284005402277
PCA,0.8425925925925927,0.7297297297297297,0.0,0.0,0.4,0.0,0.32872038705372036,0.72992082992083
UMAP,0.7596153846153847,0.4878048780487805,0.0,0.0,0.4,0.0,0.27457004377736083,0.6137862137862138
MOFA,0.8207547169811321,0.6753246753246753,0.0,0.0,0.4,0.0,0.3160132320509679,0.7018231462240283
MCCA,0.8056872037914691,0.6153846153846153,0.0,0.0,0.6666666666666666,0.0,0.34795641430712515,0.6833987497494606
Base Autoencoder,0.7926267281105991,0.6216216216216217,0.0,0.0,0.0,0.0,0.23570805828870345,0.6596016388643117
Triple Autoencoder,0.7904761904761906,0.6172839506172839,0.0,0.0,0.0,0.0,0.23462669018224572,0.6571062094871619
